PDB_ID,TITLE,RESOLUTION,R_FACTOR,R_FACTOR_W,HELIX,STRAND,n_SEQSTR,n_SEQRES,n_SEQAF,n_SEQDIFF,pLDDT_global,osp.exp.mean,osp.csm.mean,osp.exp.sd,osp.csm.sd
1AMM,1.2 ANGSTROM STRUCTURE OF GAMMA-B CRYSTALLIN AT 150K,1.2,NA,NA,9,48,174,174,175,1,96.87,0.458,0.441,0.159,0.162
1AWD,FERREDOXIN [2FE-2S] OXIDIZED FORM FROM CHLORELLA FUSCA,1.4,0.1464,NA,20,31,94,94,94,0,97.96,0.407,0.408,0.15,0.156
1B0U,ATP-BINDING SUBUNIT OF THE HISTIDINE PERMEASE FROM SALMONELLA TYPHIMURIUM,1.5,0.185,0.185,41,25,258,262,258,0,96.2,0.432,0.428,0.144,0.153
1BXO,ACID PROTEINASE (PENICILLOPEPSIN) (E.C.3.4.23.20) COMPLEX WITH PHOSPHONATE INHIBITOR: METHYL CYCLO[(2S)-2-[[(1R)-1-(N-(L-N-(3-METHYLBUTANOYL)VALYL-L-ASPARTYL)AMINO)-3-METHYLBUT YL] HYDROXYPHOSPHINYLOXY]-3-(3-AMINOMETHYL) PHENYLPROPANOATE,0.95,0.0991,NA,14,47,323,323,323,0,97.54,0.434,0.442,0.164,0.166
1BYI,STRUCTURE OF APO-DETHIOBIOTIN SYNTHASE AT 0.97 ANGSTROMS RESOLUTION,0.97,0.1158,NA,38,21,224,224,225,1,97.46,0.421,0.438,0.165,0.164
1C0K,CRYSTAL STRUCTURE ANALYSIS OF D-AMINO ACID OXIDASE IN COMPLEX WITH L-LACTATE,1.46,NA,NA,29,28,363,363,368,5,94.56,0.446,0.439,0.166,0.167
1C52,THERMUS THERMOPHILUS CYTOCHROME-C552: A NEW HIGHLY THERMOSTABLE CYTOCHROME-C STRUCTURE OBTAINED BY MAD PHASING,1.28,0.191,0.191,46,12,131,131,131,0,96.79,0.412,0.407,0.163,0.163
1C7K,CRYSTAL STRUCTURE OF THE ZINC PROTEASE,1,0.148,NA,37,23,132,132,132,0,98.16,0.43,0.437,0.156,0.167
1CC7,CRYSTAL STRUCTURE OF THE ATX1 METALLOCHAPERONE PROTEIN,1.2,0.1446,NA,26,36,72,73,73,1,97.98,0.376,0.39,0.144,0.153
1CTJ,CRYSTAL STRUCTURE OF CYTOCHROME C6,1.1,0.1377,NA,57,4,89,89,89,0,97.17,0.374,0.391,0.149,0.161
1EP0,"HIGH RESOLUTION CRYSTAL STRUCTURE OF DTDP-6-DEOXY-D-XYLO-4-HEXULOSE 3,5-EPIMERASE FROM METHANOBACTERIUM THERMOAUTOTROPHICUM",1.5,0.183,0.183,9,43,183,185,185,2,97.08,0.421,0.42,0.155,0.162
1EQM,"CRYSTAL STRUCTURE OF BINARY COMPLEX OF 6-HYDROXYMETHYL-7,8-DIHYDROPTERIN PYROPHOSPHOKINASE WITH ADENOSINE-5'-DIPHOSPHATE",1.5,0.1905,0.1886,30,28,158,158,159,1,95.45,0.395,0.414,0.156,0.159
1EW4,CRYSTAL STRUCTURE OF ESCHERICHIA COLI CYAY PROTEIN REVEALS A NOVEL FOLD FOR THE FRATAXIN FAMILY,1.4,0.188,0.188,31,32,106,106,106,0,96.66,0.394,0.399,0.156,0.166
1EXR,THE 1.0 ANGSTROM CRYSTAL STRUCTURE OF CA+2 BOUND CALMODULIN,1,0.134,NA,62,4,146,148,149,3,87.86,0.384,0.37,0.14,0.146
1FP2,CRYSTAL STRUCTURE ANALYSIS OF ISOFLAVONE O-METHYLTRANSFERASE,1.4,0.217,0.217,53,17,345,352,352,7,95.27,0.403,0.409,0.148,0.156
1G2R,"Structure of Cytosolic Protein of Unknown Function Coded by Gene from NUSA/INFB Region, a YlxR Homologue",1.35,0.1564,0.1568,40,19,94,100,97,3,96.1,0.382,0.386,0.16,0.162
1G6S,STRUCTURE OF EPSP SYNTHASE LIGANDED WITH SHIKIMATE-3-PHOSPHATE AND GLYPHOSATE,1.5,0.149,0.149,35,27,427,427,427,0,97.35,0.473,0.473,0.152,0.153
1G8A,PYROCOCCUS HORIKOSHII FIBRILLARIN PRE-RRNA PROCESSING PROTEIN,1.4,0.203,0.203,26,31,227,227,227,0,97.47,0.42,0.447,0.166,0.166
1GBS,CRYSTAL STRUCTURE OF BLACK SWAN GOOSE-TYPE LYSOZYME AT 1.8 ANGSTROMS RESOLUTION,1.5,0.184,NA,58,4,185,185,185,0,98.31,0.466,0.478,0.172,0.184
1GCU,CRYSTAL STRUCTURE OF RAT BILIVERDIN REDUCTASE AT 1.4 A,1.4,0.219,0.219,41,27,292,295,295,3,96.4,0.427,0.419,0.164,0.168
1GNT,Hybrid Cluster Protein from Desulfovibrio vulgaris. X-ray structure at 1.25A resolution using synchrotron radiation.,1.25,0.158,0.157,51,12,553,553,553,0,97.2,0.456,0.464,0.155,0.158
1GS5,N-acetyl-L-glutamate kinase from Escherichia coli complexed with its substrate N-acetylglutamate and its substrate analog AMPPNP,1.5,NA,0.2088,45,23,258,258,258,0,93.54,0.425,0.424,0.147,0.154
1GVO,"STRUCTURE OF PENTAERYTHRITOL TETRANITRATE REDUCTASE AND COMPLEXED WITH 2,4 DINITROPHENOL",1.38,0.175,0.175,34,19,362,364,365,3,97.69,0.463,0.472,0.154,0.157
1GWE,Atomic resolution structure of Micrococcus Lysodeikticus catalase,0.88,0.089,0.089,31,16,498,503,503,5,98.69,0.421,0.423,0.17,0.17
1HDO,Human biliverdin IX beta reductase: NADP complex,1.15,0.124,NA,35,21,205,206,206,1,97.79,0.438,0.429,0.17,0.175
1HG7,High resolution structure of HPLC-12 type III antifreeze protein from Ocean Pout Macrozoarces americanus,1.15,0.12,NA,20,24,66,66,66,0,97.14,0.386,0.394,0.154,0.158
1I1N,HUMAN PROTEIN L-ISOASPARTATE O-METHYLTRANSFERASE WITH S-ADENOSYL HOMOCYSTEINE,1.5,0.183,0.183,33,27,224,226,227,3,96.79,0.448,0.446,0.16,0.167
1IQZ,OXIDIZED [4Fe-4S] FERREDOXIN FROM BACILLUS THERMOPROTEOLYTICUS (FORM I),0.92,0.0972,0.0966,22,17,81,81,81,0,98.19,0.406,0.407,0.16,0.162
1KR7,Crystal structure of the nerve tissue mini-hemoglobin from the nemertean worm Cerebratulus lacteus,1.5,0.1563,0.15298,73,0,110,110,110,0,97.5,0.396,0.405,0.151,0.149
1KS8,"The structure of Endoglucanase from termite, Nasutitermes takasagoensis, at pH 2.5.",1.4,NA,0.177,53,5,433,433,448,15,98.28,0.487,0.497,0.157,0.163
1KT3,Crystal structure of bovine holo-RBP at pH 2.0,1.4,0.1753,0.1746,11,46,175,183,183,8,95.9,0.35,0.408,0.133,0.166
1KW3,"Crystal structure of 2,3-dihydroxybiphenyal dioxygenase (BphC) at 1.45 A resolution",1.45,0.16213,0.16137,20,39,288,292,293,5,97.53,0.452,0.455,0.155,0.16
1MLA,THE ESCHERICHIA COLI MALONYL-COA:ACYL CARRIER PROTEIN TRANSACYLASE AT 1.5-ANGSTROMS RESOLUTION. CRYSTAL STRUCTURE OF A FATTY ACID SYNTHASE COMPONENT,1.5,0.184,0.184,51,16,305,309,309,4,97.8,0.45,0.466,0.149,0.164
1MNZ,Atomic structure of Glucose isomerase,0.99,0.123,0.123,50,10,387,388,388,1,98.68,0.421,0.432,0.153,0.16
1NF9,Crystal Structure of PhzD protein from Pseudomonas aeruginosa,1.5,0.156,0.155,42,18,207,207,207,0,97.94,0.443,0.446,0.16,0.173
1NG6,Structure of Cytosolic Protein of Unknown Function YqeY from Bacillus subtilis,1.4,0.21,0.21,78,0,148,148,148,0,97.08,0.402,0.398,0.133,0.14
1OAA,MOUSE SEPIAPTERIN REDUCTASE COMPLEXED WITH NADP AND OXALOACETATE,1.25,0.2,0.2,47,17,259,259,261,2,97.65,0.424,0.423,0.152,0.155
1OAF,Ascobate peroxidase from soybean cytosol in complex with ascorbate,1.4,0.16259,0.16081,54,2,250,261,250,0,98.26,0.441,0.446,0.155,0.16
1OUR,LecB (PA-LII) in complex with mannose,1.42,0.1831,0.182,0,71,114,114,115,1,98.05,0.395,0.393,0.161,0.162
1PZ4,The structural determination of an insect (mosquito) Sterol Carrier Protein-2 with a ligand bound C16 Fatty Acid at 1.35 A resolution,1.35,0.187,0.187,35,28,113,116,110,3,83.17,0.374,0.388,0.138,0.159
1QB7,CRYSTAL STRUCTURES OF ADENINE PHOSPHORIBOSYLTRANSFERASE FROM LEISHMANIA DONOVANI.,1.5,NA,0.2,36,23,236,236,237,1,94.38,0.401,0.41,0.167,0.167
1QTO,1.5 A CRYSTAL STRUCTURE OF A BLEOMYCIN RESISTANCE DETERMINANT FROM BLEOMYCIN-PRODUCING STREPTOMYCES VERTICILLUS,1.5,NA,0.19,19,38,122,122,122,0,97.18,0.378,0.38,0.174,0.182
1QTW,HIGH-RESOLUTION CRYSTAL STRUCTURE OF THE ESCHERICHIA COLI DNA REPAIR ENZYME ENDONUCLEASE IV,1.02,0.124,0.124,44,14,285,285,285,0,97.41,0.466,0.468,0.156,0.165
1RCF,STRUCTURE OF THE TRIGONAL FORM OF RECOMBINANT OXIDIZED FLAVODOXIN FROM ANABAENA 7120 AT 1.40 ANGSTROMS RESOLUTION,1.4,0.139,0.139,34,22,169,169,170,1,97.81,0.432,0.453,0.161,0.166
1RRO,REFINEMENT OF RECOMBINANT ONCOMODULIN AT 1.30 ANGSTROMS RESOLUTION,1.3,0.176,NA,57,4,108,108,109,1,91.82,0.406,0.413,0.146,0.156
1SU7,Carbon Monoxide Dehydrogenase from Carboxydothermus hydrogenoformans- DTT reduced state,1.12,0.1379,0.1379,53,11,633,636,636,3,98.32,0.493,0.48,0.167,0.164
1T2D,Plasmodium falciparum lactate dehydrogenase complexed with NAD+ and oxalate,1.1,0.14324,0.14279,49,20,315,322,316,1,97.63,0.442,0.444,0.153,0.155
1TP6,1.5 A Crystal Structure of a NTF-2 Like Protein of Unknown Function PA1314 from Pseudomonas aeruginosa,1.5,0.195,0.185,28,47,126,128,128,2,97.23,0.395,0.394,0.142,0.147
1TU9,"Crystal Structure of a Protein PA3967, a Structurally Highly Homologous to a Human Hemoglobin, from Pseudomonas aeruginosa PAO1",1.2,0.164,0.16118,72,0,131,134,130,1,98.05,0.421,0.43,0.147,0.149
1TUA,1.5 A Crystal Structure of a Protein of Unknown Function APE0754 from Aeropyrum pernix,1.5,0.208,0.208,61,18,189,191,195,6,95.51,0.423,0.411,0.153,0.158
1TZV,"T. maritima NusB, P3121, Form 1",1.35,0.199,0.199,73,0,141,142,142,1,96.25,0.434,0.429,0.161,0.17
1UG6,Structure of beta-glucosidase at atomic resolution from thermus thermophilus HB8,0.99,0.122,0.121,42,18,426,431,431,5,97.69,0.479,0.477,0.165,0.167
1UOY,The bubble protein from Penicillium brevicompactum Dierckx exudate.,1.5,0.164,0.164,5,39,64,64,64,0,90.18,0.41,0.392,0.179,0.176
1V2X,TrmH,1.5,0.225,0.225,45,19,191,194,194,3,91.83,0.419,0.409,0.156,0.164
1V30,Crystal Structure Of Uncharacterized Protein PH0828 From Pyrococcus horikoshii,1.4,0.217,0.217,22,43,118,124,116,2,96.74,0.406,0.406,0.154,0.162
1V70,Crystal Structure of probable antibiotics synthesis protein from Thermus thermophilus HB8,1.3,0.204,0.203,4,52,105,105,105,0,97.66,0.376,0.381,0.16,0.16
1VBW,Crystal Structure of Bitter Gourd Trypsin Inhibitor,0.93,0.114,0.114,21,26,68,68,68,0,95.19,0.378,0.377,0.17,0.178
1VE1,Crystal Structure of T.th. HB8 O-acetylserine sulfhydrylase,1.45,NA,0.22,42,18,302,304,304,2,96.58,0.457,0.455,0.155,0.161
1VLB,STRUCTURE REFINEMENT OF THE ALDEHYDE OXIDOREDUCTASE FROM DESULFOVIBRIO GIGAS AT 1.28 A,1.28,0.148,0.145,33,23,907,907,907,0,98.19,0.493,0.486,0.154,0.154
1WBE,X-ray structure of bovine GLTP,1.36,0.186,0.184,66,1,204,209,209,5,97,0.421,0.42,0.153,0.156
1WC2,"Beta-1,4-D-endoglucanase Cel45A from blue mussel Mytilus edulis at 1.2A",1.2,0.147,0.147,13,29,180,181,181,1,96.91,0.447,0.451,0.163,0.171
1WCW,"Crystal Structure of Uroporphyrinogen III Synthase from an Extremely Thermophilic Bacterium Thermus thermophilus HB8 (Wild type, Native, Form-1 crystal)",1.3,NA,0.188,49,20,254,261,253,1,93.54,0.432,0.427,0.147,0.154
1WHI,RIBOSOMAL PROTEIN L14,1.5,0.189,0.189,8,38,122,122,122,0,96.37,0.381,0.397,0.155,0.164
1WN2,Crystal structure of project ID PH1539 from Pyrococcus horikoshii OT3,1.2,0.193,0.193,44,26,118,121,121,3,96.38,0.414,0.424,0.176,0.163
1WVF,p-Cresol Methylhydroxylase: Alteration of the Structure of the Flavoprotein Subunit upon its Binding to the Cytochrome Subunit,1.3,NA,0.146,41,20,515,520,521,6,96.78,0.468,0.461,0.152,0.155
1X54,Crystal structure of asparaginyl-tRNA synthetase from Pyrococcus horikoshii complexed with asparaginyl-adenylate,1.45,0.16903,0.16783,35,28,434,434,434,0,95.83,0.433,0.429,0.158,0.16
1XEO,High Resolution Crystals Structure of Cobalt- Peptide Deformylase Bound To Formate,1.3,0.2,0.2,36,24,165,168,169,4,97.5,0.42,0.412,0.156,0.158
1XQO,"Crystal structure of native Pa-AGOG, 8-oxoguanine DNA glycosylase from Pyrobaculum aerophilum",1.03,0.15889,0.15762,64,0,253,256,256,3,96.61,0.451,0.457,0.158,0.162
1YFQ,High resolution S. cerevisiae Bub3 mitotic checkpoint protein,1.1,0.152,0.152,4,49,342,342,341,1,93.46,0.421,0.423,0.17,0.177
1YII,Crystal Structures of Chicken Annexin V in Complex with Ca2+,1.42,0.1941,0.194,72,0,316,320,321,5,96.24,0.432,0.436,0.159,0.161
1Z1S,Crystal Structure of Putative Isomerase PA3332 from Pseudomonas aeruginosa,1.49,0.17152,0.16778,27,39,136,163,141,5,96.71,0.41,0.405,0.152,0.152
1Z2N,"Inositol 1,3,4-trisphosphate 5/6-kinase complexed Mg2+/ADP",1.2,0.182,0.182,31,28,311,324,319,8,89.27,0.423,0.415,0.146,0.153
1Z6N,1.5 A Crystal Structure of a Protein of Unknown Function PA1234 from Pseudomonas aeruginosa,1.5,0.19058,0.18902,54,14,166,167,167,1,97.73,0.427,0.436,0.153,0.158
1ZDY,Co-crystal structure of Orf2 an aromatic prenyl transferase from Streptomyces sp. strain CL190 complexed with TAPS,1.44,0.222,0.222,39,24,301,307,307,6,94.48,0.436,0.441,0.152,0.156
1ZHX,Structure of yeast oxysterol binding protein Osh4 in complex with 25-hydroxycholesterol,1.5,0.22,0.22,31,28,436,438,434,2,91.68,0.419,0.421,0.161,0.163
2C6Z,crystal structure of dimethylarginine dimethylaminohydrolase I in complex with citrulline,1.2,0.1215,NA,32,26,273,284,285,12,97.83,0.446,0.448,0.16,0.166
2CFE,"The 1.5 A crystal structure of the Malassezia sympodialis Mala s 6 allergen, a member of the cyclophilin pan-allergen family",1.5,0.143,0.143,14,32,162,162,162,0,98.09,0.449,0.45,0.158,0.16
2CYJ,Crystal structure of conserved hypothetical protein PH1505 from Pyrococcus horikoshii OT3,1.5,NA,0.179,25,35,117,118,118,1,97.24,0.418,0.418,0.156,0.152
2DQ6,Crystal Structure of Aminopeptidase N from Escherichia coli,1.5,NA,0.181,45,22,865,870,870,5,96.88,0.463,0.461,0.147,0.149
2E54,Crystal structure of acetylornithine aminotransferase from Thermotoga maritima,1.5,0.196,0.196,38,20,385,385,385,0,98.12,0.453,0.458,0.16,0.166
2E7Z,Acetylene Hydratase from Pelobacter acetylenicus,1.26,0.16132,0.15953,37,17,727,727,730,3,95.57,0.493,0.489,0.146,0.148
2FDN,2[4FE-4S] FERREDOXIN FROM CLOSTRIDIUM ACIDI-URICI,0.94,0.1003,NA,13,22,55,55,56,1,97.07,0.348,0.342,0.137,0.146
2FGO,Structure of the 2[4FE-4S] ferredoxin from Pseudomonas aeruginosa,1.32,NA,NA,25,10,81,82,83,2,97.24,0.375,0.374,0.148,0.145
2FI1,The crystal structure of a hydrolase from Streptococcus pneumoniae TIGR4,1.4,0.1578,0.15714,51,14,187,190,190,3,94.35,0.42,0.426,0.156,0.158
2GKE,Crystal structure of diaminopimelate epimerase in complex with an irreversible inhibitor LL-AziDAP,1.35,0.13906,0.13753,17,39,274,274,274,0,95.22,0.453,0.432,0.165,0.167
2GQT,Crystal Structure of UDP-N-Acetylenolpyruvylglucosamine Reductase (MurB) from Thermus caldophilus,1.3,0.18851,0.18736,28,27,267,268,265,2,97.57,0.428,0.429,0.148,0.149
2GXG,Crystal structure of EmrR homolog from hyperthermophilic archaea Sulfolobus tokodaii strain7,1.45,0.22333,0.22252,69,8,140,146,146,6,95.49,0.377,0.379,0.144,0.154
2HD9,Crystal structure of PH1033 from Pyrococcus horikoshii OT3,1.35,0.228,0.228,26,33,145,145,145,0,97.01,0.412,0.416,0.164,0.165
2IBA,Urate oxidase from Aspergillus flavus complexed with its inhibitor 8-azaxanthine,1.5,0.177,0.176,28,39,295,302,302,7,97.53,0.387,0.397,0.149,0.153
2II2,Crystal Structure of Alpha-11 Giardin,1.1,0.196,0.195,72,0,304,310,307,3,94.78,0.447,0.454,0.156,0.161
2IQY,Rat Phosphatidylethanolamine-Binding Protein,1.4,0.15321,0.14879,15,27,190,190,187,3,97.45,0.443,0.439,0.168,0.172
2IYS,"Shikimate kinase from Mycobacterium tuberculosis in complex with shikimate, open LID (conf. A)",1.4,0.178,0.176,55,11,175,184,176,1,92.18,0.391,0.406,0.157,0.167
2JEK,Crystal structure of the conserved hypothetical protein Rv1873 from Mycobacterium tuberculosis at 1.38 A,1.38,0.169,0.167,61,1,140,145,145,5,97.78,0.439,0.439,0.176,0.179
2MHR,STRUCTURE OF MYOHEMERYTHRIN IN THE AZIDOMET STATE AT 1.7(SLASH)1.3 ANGSTROMS RESOLUTION,1.3,0.158,NA,70,0,118,118,118,0,98.45,0.419,0.427,0.159,0.168
2OKT,"Crystal structure of O-succinylbenzoic acid synthetase from Staphylococcus aureus, ligand-free form",1.3,0.139,0.138,34,25,342,342,333,9,97.46,0.424,0.43,0.155,0.154
2OLN,"NikD, an unusual amino acid oxidase essential for nikkomycin biosynthesis: closed form at 1.15 A resolution",1.15,0.1226,NA,30,29,385,397,389,4,97.29,0.451,0.447,0.156,0.155
2P14,Crystal structure of small subunit (R.BspD6I2) of the heterodimeric restriction endonuclease R.BspD6I,1.5,0.179,0.177,48,17,186,192,186,0,93.05,0.432,0.424,0.154,0.162
2PMR,Crystal structure of a protein of unknown function from Methanobacterium thermoautotrophicum,1.32,0.17545,0.17459,80,0,76,87,77,1,96.83,0.403,0.399,0.156,0.158
2PPN,Crystal structure of FKBP12,0.92,0.209,0.1685,13,40,107,107,108,1,96.67,0.413,0.404,0.157,0.158
2PTH,PEPTIDYL-TRNA HYDROLASE FROM ESCHERICHIA COLI,1.2,0.196,0.196,45,21,193,193,194,1,97.73,0.427,0.44,0.155,0.166
2Q9T,High-resolution structure of the DING protein from Pseudomonas fluorescens,1.43,0.133,0.131,32,17,374,379,379,5,97.37,0.446,0.445,0.171,0.173
2QED,Crystal structure of Salmonella thyphimurium LT2 glyoxalase II,1.45,0.157,0.153,39,25,252,258,251,1,98.29,0.485,0.458,0.167,0.161
2QES,Crystal structure of the ribosome inactivating protein PDL4 from P. dioica leaves in complex with adenine,1.24,NA,0.116,39,23,261,261,261,0,97.94,0.446,0.444,0.158,0.156
2QIM,Crystal Structure of Pathogenesis-related Protein LlPR-10.2B from yellow lupine in complex with Cytokinin,1.35,0.14843,0.14725,29,45,157,158,158,1,94.77,0.381,0.385,0.153,0.144
2QJL,Crystal structure of Urm1,1.44,0.16771,0.16614,29,33,99,99,99,0,95.01,0.39,0.374,0.162,0.163
2QSK,Atomic-resolution crystal structure of the Recombinant form of Scytovirin,1,0.129,0.128,13,13,95,95,95,0,90.24,0.414,0.394,0.18,0.19
2RDN,Crystal Structure of PtlH with AKG and ent-1PL bound,1.35,0.173,0.172,29,23,275,288,285,10,93.39,0.442,0.439,0.159,0.161
2VFR,Alditol Oxidase from Streptomyces coelicolor A3(2): Native Enzyme,1.1,0.14,0.139,26,25,418,422,418,0,95.94,0.441,0.442,0.147,0.149
2VW8,Crystal Structure of Quinolone signal response protein pqsE from Pseudomonas aeruginosa,1.45,0.16713,0.16613,39,23,300,303,301,1,96.67,0.449,0.448,0.156,0.155
2WOL,Clavulanic acid biosynthesis oligopeptide binding protein 2,1.45,0.18888,0.18823,31,20,553,562,562,9,94.95,0.466,0.459,0.147,0.149
2WY4,Structure of bacterial globin from Campylobacter jejuni at 1.35 A resolution,1.35,0.17997,0.17808,87,0,139,140,140,1,96.81,0.413,0.41,0.144,0.145
2X2O,The flavoprotein NrdI from Bacillus cereus with the initially oxidized FMN cofactor in an intermediate radiation reduced state,1.13,NA,NA,44,24,117,119,119,2,97.7,0.426,0.425,0.159,0.172
2X7M,Crystal structure of Archaemetzincin (amzA) from Methanopyrus kandleri at 1.5 A resolution,1.5,0.178,0.176,36,19,180,195,175,5,96.57,0.459,0.43,0.181,0.172
2Z8X,Crystal structure of extracellular lipase from Pseudomonas sp. MIS38,1.48,0.17714,0.17622,27,27,616,617,617,1,94.75,0.451,0.451,0.161,0.162
2ZPT,Crystal structure of mouse sulfotransferase SULT1D1 complex with PAP,1.15,0.14856,0.14794,44,11,288,295,295,7,97.82,0.46,0.455,0.154,0.156
3A7L,Crystal structure of E. coli apoH-protein,1.3,0.17784,0.17632,23,34,128,128,129,1,97.45,0.409,0.41,0.158,0.161
3ACX,Crystal structure of the C(30) carotenoid dehydrosqualene synthase from Staphylococcus aureus complexed with BPH-673,1.31,0.16088,0.15978,75,0,284,293,287,3,97.33,0.448,0.449,0.149,0.152
3AJ7,Crystal Structure of isomaltase from Saccharomyces cerevisiae,1.3,0.17311000000000001,0.17243,33,19,586,589,589,3,98.59,0.485,0.488,0.161,0.161
3ALJ,"Crystal structure of 2-methyl-3-hydroxypyridine-5-carboxylic acid oxygenase, reduced form",1.48,0.175,0.1732,35,28,369,379,379,10,97.77,0.461,0.458,0.15,0.151
3AU2,DNA polymerase X from Thermus thermophilus HB8 complexed with Ca-dGTP,1.4,0.16304,0.16169,49,15,575,575,575,0,94.13,0.453,0.452,0.155,0.155
3BA1,Structure of hydroxyphenylpyruvate reductase from coleus blumei,1.47,NA,0.1488,41,17,312,333,313,1,97.21,0.429,0.43,0.153,0.16
3C8Y,1.39 Angstrom crystal structure of Fe-only hydrogenase,1.39,NA,0.132,43,17,574,574,574,0,96.19,0.461,0.46,0.164,0.17
3DHA,An Ultral High Resolution Structure of N-Acyl Homoserine Lactone Hydrolase with the Product N-Hexanoyl-L-Homoserine Bound at An Alternative Site,0.95,0.1327,0.1327,26,30,254,254,250,4,98.51,0.441,0.447,0.153,0.154
3DT2,The structure of rat cytosolic PEPCK in complex with oxalate and GTP,1.5,0.16,0.159,30,23,621,624,622,1,97.81,0.458,0.46,0.162,0.165
3EYE,Crystal structure of PTS system N-acetylgalactosamine-specific IIB component 1 from Escherichia coli,1.45,0.192,0.19,39,25,153,168,158,5,96.89,0.416,0.415,0.157,0.161
3FTD,Crystal structure of A. aeolicus KsgA at 1.44-Angstrom resolution,1.44,0.161,0.1588,41,20,240,249,248,8,94.92,0.424,0.425,0.155,0.159
3ID7,Crystal structure of renal dipeptidase from Streptomyces coelicolor A3(2),1.3,0.184,0.184,50,13,391,400,400,9,97.82,0.48,0.481,0.155,0.157
3IJ8,Directed 'in situ' Elongation as a Strategy to Characterize the Covalent Glycosyl-Enzyme Catalytic Intermediate of Human Pancreatic a-Amylase,1.43,NA,0.197,29,23,495,496,511,16,98.47,0.485,0.483,0.154,0.157
3JYO,Quinate dehydrogenase from Corynebacterium glutamicum in complex with NAD,1,0.16482,0.16326,41,18,282,283,283,1,96.77,0.437,0.442,0.162,0.164
3N4J,Putative RNA methyltransferase from Yersinia pestis,1.47,0.145,0.143,34,17,161,165,162,1,93.03,0.414,0.402,0.164,0.17
3NDI,X-ray Structure of a C-3'-Methyltransferase in Complex with S-adenosylmethionine and dTMP,1.5,0.19655,0.19468,38,25,405,416,414,9,98.14,0.459,0.458,0.149,0.15
3NYC,Crystal Structure of Pseudomonas aeruginosa D-Arginine Dehydrogenase,1.06,0.135,0.134,30,26,381,381,375,6,98.28,0.448,0.447,0.166,0.167
3OIG,Crystal Structure of Enoyl-ACP Reductases I (FabI) from B. subtilis (complex with NAD and INH),1.25,0.16749,0.16656,49,15,260,266,258,2,96.45,0.426,0.421,0.16,0.161
3R87,Crystal Structure of Orf6 protein from Photobacterium profundum,1.05,0.14921,0.14888,27,39,132,135,133,1,95.71,0.398,0.39,0.149,0.152
3RJS,Crystal structure of Dynein Light Chain 8a (DLC8) from Toxoplasma gondii at 1.5 A resolution,1.5,0.1938,0.1926,38,34,87,89,89,2,96.79,0.399,0.386,0.174,0.182
3SIL,SIALIDASE FROM SALMONELLA TYPHIMURIUM,1.05,0.1163,NA,6,47,378,379,382,4,98.52,0.468,0.476,0.161,0.161
3SZY,Crystal Structure of Phosphonoacetate hydrolase from Sinorhizobium meliloti 1021 in APO form,1.35,0.1974,0.1968,35,22,413,427,424,11,95.52,0.466,0.469,0.16,0.164
3T7V,Crystal structure of methylornithine synthase (PylB),1.5,0.13049,0.12865,44,16,337,350,350,13,96.32,0.458,0.463,0.161,0.159
3T9W,Small laccase from Amycolatopsis sp. ATCC 39116,1.5,0.1736,0.1721,5,43,270,299,279,9,97.39,0.439,0.442,0.16,0.165
3TRD,Structure of an alpha-beta serine hydrolase homologue from Coxiella burnetii,1.5,0.1679,0.1662,33,22,208,208,205,3,96.07,0.463,0.447,0.174,0.176
3U9W,Structure of human Leukotriene A4 hydrolase in complex with inhibitor sc57461A,1.25,0.1344,0.1339,44,23,608,608,611,3,96.78,0.463,0.462,0.147,0.153
3UJ8,Phosphoethanolamine methyltransferase from Plasmodium falciparum in complex with sinefungin and PO4,1.351,0.1637,0.163,49,21,258,266,266,8,98.25,0.443,0.454,0.15,0.152
3US6,Crystal Structure of Histidine-containing Phosphotransfer Protein MtHPt1 from Medicago truncatula,1.446,0.1684,0.1675,79,1,148,153,153,5,94.53,0.426,0.419,0.142,0.15
3VC5,Crystal structure of enolase Tbis_1083(TARGET EFI-502310) FROM Thermobispora bispora DSM 43833 complexed with phosphate,1.5,0.14335,0.14225,39,19,419,441,419,0,97.54,0.472,0.47,0.157,0.16
3VWC,High resolution structure of proteinase inhibitor from Coprinopsis cinerea,1.5,0.201,0.1991,4,42,146,149,150,4,95.17,0.411,0.404,0.17,0.172
3W41,Crystal structure of RsbX in complex with magnesium in space group P21,1.42,0.1887,0.1873,24,37,199,199,199,0,96.05,0.426,0.424,0.164,0.17
3WWL,Crystal structure of lysine biosynthetic amino acid carrier protein LysW from Thermus thermophilus conjugated with alpha-aminoadipate,1.2,0.14592,0.14542,0,36,53,54,54,1,93.13,0.358,0.306,0.173,0.176
3ZR8,Crystal structure of RxLR effector Avr3a11 from Phytophthora capsici,0.9,0.12669,0.1255,74,0,65,65,65,0,94.65,0.372,0.374,0.162,0.162
3ZUD,THERMOASCUS GH61 ISOZYME A,1.25,0.1563,0.15511,11,33,227,228,228,1,98.24,0.437,0.441,0.162,0.159
4AL0,Crystal structure of Human PS-1,1.16,0.12231,0.12192,79,1,146,152,152,6,97.55,0.422,0.412,0.15,0.154
4AU1,Crystal Structure of CobH (precorrin-8x methyl mutase) complexed with C5 desmethyl-HBA,1.45,0.1613,0.1605,50,10,208,229,209,1,98.31,0.433,0.43,0.168,0.168
4B4D,Crystal structure of FAD-containing ferredoxin-NADP reductase from Xanthomonas axonopodis pv. citri,1.5,0.20893,0.20732,27,31,256,262,259,3,96.33,0.432,0.435,0.162,0.167
4B9A,Structure of a putative epoxide hydrolase from Pseudomonas aeruginosa.,1.45,0.11199,0.11059,48,18,298,301,300,2,98.15,0.453,0.455,0.158,0.163
4CMF,The (R)-selective transaminase from Nectria haematococca with inhibitor bound,1.5,0.15413,0.15275,32,26,322,322,320,2,98.17,0.44,0.44,0.159,0.162
4CW4,Crystal structure of the noncanonical ketosynthase FabY from P. aeruginosa,1.349,0.1482,0.1476,39,21,639,639,634,5,96.9,0.448,0.452,0.17,0.176
4EAD,Thymidine phosphorylase from E.coli with 3'-azido-2'-fluoro-dideoxyuridine,1.5,0.147,0.145,47,15,440,440,440,0,96.78,0.459,0.458,0.155,0.156
4H4N,1.1 Angstrom Crystal Structure of Hypothetical Protein BA_2335 from Bacillus anthracis,1.1,0.14747,0.14581,0,56,62,67,64,2,66.49,0.328,0.244,0.155,0.131
4J5Q,"TARG1 (C6orf130), Terminal ADP-ribose Glycohydrolase 1, apo structure",1.35,0.1323,0.1307,34,26,146,146,152,6,95.65,0.413,0.416,0.17,0.176
4JBD,"Crystal structure of Pput_1285, a putative hydroxyproline epimerase from Pseudomonas putida f1 (target EFI-506500), open form, space group I2, bound citrate",1.3,0.1593,0.158,22,41,308,330,308,0,97.81,0.439,0.456,0.164,0.165
4JP6,High resolution structure of a papaya barwin-like protein,1,0.1535,0.15207,22,35,121,122,122,1,98.37,0.432,0.435,0.166,0.163
4KXU,Human transketolase in covalent complex with donor ketose D-fructose-6-phosphate,0.98,0.1015,0.1015,41,17,620,637,623,3,97.17,0.472,0.474,0.162,0.167
4LTT,Crystal structure of native apo toxin from Helicobacter pylori,1.28,0.18124,0.17968,37,31,91,93,88,3,97.12,0.388,0.387,0.154,0.156
4M5E,Tse3 structure,1.49,0.1812,0.1807,63,1,405,410,408,3,87.34,0.456,0.446,0.163,0.169
4MUQ,"Crystal Structure of Vancomycin Resistance D,D-dipeptidase VanXYg in complex with D-Ala-D-Ala phosphinate analog",1.364,0.1631,0.1619,33,27,251,255,254,3,95.27,0.424,0.427,0.166,0.17
4MXD,"1.45 angstronm crystal structure of E.coli 2-succinyl-6-hydroxy-2,4-cyclohexadiene-1-carboxylate synthase (MenH)",1.45,0.1555,0.1551,46,15,255,255,252,3,97.7,0.444,0.452,0.16,0.162
4N02,Type 2 IDI from S. pneumoniae,1.4,0.14,0.139,46,15,332,357,336,4,97.79,0.443,0.448,0.156,0.16
4NDT,"Crystal structure of L. decastes alpha-galactosyl-binding lectin, orthorhombic crystal form",1.03,0.1152,0.1142,32,29,94,94,94,0,85.23,0.423,0.41,0.185,0.175
4OCV,N-acetylhexosamine 1-phosphate kinase_ATCC15697 in complex with GlcNAc and AMPPNP,1.472,0.18778,0.18711,49,15,355,379,359,4,95.77,0.449,0.445,0.16,0.16
4OHN,Crystal structure of an ABC uptake transporter substrate binding protein from Streptococcus pneumoniae with Bound Histidine,1.37,0.1377,0.1369,40,23,246,257,257,11,94.92,0.441,0.444,0.159,0.161
4OPC,Constructing tailored isoprenoid products by structure-guided modification of geranylgeranyl reductase.,1.4,0.152,0.151,41,26,452,453,452,0,97.43,0.464,0.461,0.156,0.156
4P7X,L-pipecolic acid-bound L-proline cis-4-hydroxylase,1.3,0.1368,0.1354,30,25,286,292,280,6,95.28,0.433,0.44,0.156,0.161
4PDT,Japanese Marasmius oreades lectin,1.4,0.14751,0.14437,3,43,119,120,120,1,97.4,0.447,0.439,0.165,0.17
4PSB,Crystal Structure of Phytohormone Binding Protein from Vigna radiata in complex with gibberellic acid (GA3),1.42,0.1543,0.152,28,45,152,155,155,3,96.13,0.412,0.41,0.143,0.146
4R78,Crystal structure of LicA in complex with AMP,1.45,0.19301,0.19201,47,15,287,309,289,2,95.32,0.43,0.433,0.158,0.161
4U94,"Structure of mycobacterial maltokinase, the missing link in the essential GlgE-pathway",1.473,0.1416,0.1396,44,24,451,454,441,10,93.1,0.43,0.424,0.162,0.167
4UIO,Structure of the Salmonella typhi Type I Dehydroquinase covalently inhibited by a 3-dehydroquinic acid derivative,1.35,0.17525,0.1736,46,20,250,252,252,2,97.31,0.444,0.446,0.154,0.152
4V12,Crystal structure of the MSMEG_6754 dehydratase from Mycobacterium smegmatis,1.5,0.1596,0.1591,30,32,337,343,342,5,93.35,0.42,0.422,0.156,0.163
4WQK,"Crystal structure of aminoglycoside nucleotidylyltransferase ANT(2"")-Ia, apo form",1.482,0.1613,0.1587,47,23,175,178,177,2,96.36,0.409,0.421,0.162,0.167
4WUI,Crystal structure of TrpF from Jonesia denitrificans,1.09,0.1281,0.1279,36,22,205,207,204,1,90.47,0.432,0.42,0.158,0.17
4XCZ,X-ray structure of the N-formyltransferase QdtF from Providencia alcalifaciens in complex with TDP-Qui3n and N5-THF,1.5,0.18501,0.18338,36,18,397,417,397,0,97.87,0.443,0.443,0.158,0.16
4XIJ,Crystal Structure of a Shikimate 5-dehydrogenase from Mycobacterium fortuitum Determined by Iodide SAD Phasing,1.45,0.1393,0.1372,40,21,268,275,266,2,96.96,0.441,0.446,0.162,0.168
4Y2M,apo-GolB protein,1.4,0.17785,0.1756,34,25,65,65,65,0,97.88,0.377,0.386,0.152,0.152
4YLA,Crystal structure of the indole prenyltransferase MpnD complexed with indolactam V and DMSPP,1.4,0.1791,0.1778,34,20,374,382,374,0,91.02,0.439,0.429,0.165,0.164
5A35,Crystal structure of Glycine Cleavage Protein H-Like (GcvH-L) from Streptococcus pyogenes,1.5,0.15395,0.15288,21,45,112,120,110,2,98.17,0.403,0.404,0.143,0.149
5A62,Hydrolytic potential of the ammonia-oxidizing Thaumarchaeon Nitrososphaera gargenis - crystal structure and activity profiles of carboxylesterases linked to their metabolic function,1.5,0.14269,0.14159,49,17,272,277,277,5,92.84,0.454,0.457,0.159,0.161
5C17,Crystal structure of the mercury-bound form of MerB2,1.24,0.143,0.142,42,24,206,209,209,3,93.09,0.428,0.437,0.152,0.159
5DLY,Crystal structure of the plantazolicin methyltransferase BamL in complex with monoazolic desmethylPZN analog and SAH,1.5,0.2079,0.20638,55,18,266,266,270,4,94.01,0.434,0.433,0.154,0.16
5FPZ,The structure of KdgF from Yersinia enterocolitica with malonate bound in the active site.,1.5,0.17139,0.16975,5,57,110,110,110,0,97.99,0.393,0.393,0.149,0.147
5FTB,Crystal structure of Pif1 helicase from Bacteroides in complex with AMPPNP,1.38,0.1676,0.1668,32,25,430,433,433,3,90.21,0.426,0.423,0.157,0.156
5ICU,The crystal structure of CopC from Methylosinus trichosporium OB3b,1.46,0.1664,0.16512,3,50,102,102,102,0,94.79,0.365,0.363,0.151,0.155
5J4U,Crystal structure of a glutathione S-transferase PtGSTU30 from Populus trichocarpa in complex with GSH,1.249,0.1701,0.1695,61,9,218,231,220,2,96.92,0.439,0.434,0.158,0.16
5JDA,Bacillus cereus CotH kinase plus Mg2+/AMP,1.401,0.1706,0.1702,38,23,359,359,358,1,96.84,0.444,0.452,0.159,0.16
5M0N,Crystal structure of cytochrome P450 OleT in complex with formate,1.44,0.13639,0.13455,50,12,423,428,422,1,94.58,0.458,0.448,0.158,0.159
5M10,Crystal structure of cyclohexanone monooxygenase from Thermocrispum municipale in the oxidised state with a bound nicotinamide.,1.22,0.1319,0.13086,37,19,529,541,541,12,97.69,0.457,0.456,0.144,0.143
5MH0,Crystal structure of a DM9 domain containing protein from Crassostrea gigas,1.24,0.1278,0.1265,0,62,142,143,143,1,97.38,0.428,0.425,0.159,0.165
5NFK,Crystal structure of YrbA from Sinorhizobium meliloti in complex with nickel.,0.98,0.1019,0.1013,42,24,74,75,75,1,84.36,0.366,0.342,0.154,0.152
5OK4,Crystal structure of native [Fe]-hydrogenase Hmd from Methanothermobacter marburgensis inactivated by O2.,1.29,0.128,0.127,55,12,344,344,344,0,97.56,0.421,0.434,0.162,0.155
5TJZ,"Structure of 4-Hydroxytetrahydrodipicolinate Reductase from Mycobacterium tuberculosis with NADPH and 2,6 Pyridine Dicarboxylic Acid",1.5,0.1486,0.1476,36,27,245,245,245,0,97.14,0.41,0.407,0.163,0.168
5UJC,"Crystal structure of a C.elegans B12-trafficking protein CblC, a human MMACHC homologue",1.35,0.13361,0.13209,43,15,267,270,272,5,97.17,0.421,0.421,0.165,0.17
5WP4,"Arabidopsis thaliana phosphoethanolamine N-methyltransferase 1 (AtPMT1, XIOPTL) in complex with SAH and phosphocholine",1.341,0.1524,0.1517,44,23,485,491,491,6,93.55,0.448,0.455,0.147,0.154
5XJ5,"Crystal structure of PlsY (YgiH), an integral membrane glycerol 3-phosphate acyltransferase - the monoacylglycerol form",1.481,0.1889,0.1877,74,0,198,201,192,6,97.75,0.459,0.453,0.152,0.158
5Y1F,Monomeric L-threonine 3-dehydrogenase from metagenome database (NAD+ bound form),1.25,0.15827,0.15709,46,18,311,328,308,3,96.25,0.457,0.459,0.155,0.158
5YVN,Human Glutathione Transferase Omega1,1.33,0.1757,0.1747,52,8,238,241,241,3,96.35,0.427,0.431,0.163,0.168
5Z3A,Glycosidase Wild Type,1.401,0.1171,0.1158,57,5,371,405,385,14,97.78,0.484,0.487,0.159,0.164
5ZW7,FAD-PigA complex at 1.3 A,1.3,0.1139,0.1137,57,15,383,402,386,3,97.33,0.458,0.457,0.158,0.159
6D0A,"Crystal structure of Kynurenine Aminotransferase-II in apo-form, at 1.47 A resolution",1.46809418277,0.173889680561,0.173515953791,41,15,431,431,425,6,97.35,0.425,0.434,0.154,0.157
6E3A,tRNA 2'-phosphotransferase,1.4,0.1625,0.1616,37,20,180,182,182,2,97.07,0.416,0.42,0.156,0.158
6E60,Bacteroides ovatus mixed-linkage glucan utilization locus (MLGUL) SGBP-A,1.5,0.1591,0.1578,53,5,538,557,558,20,97.34,0.477,0.477,0.161,0.162
6FD1,"7-FE FERREDOXIN FROM AZOTOBACTER VINELANDII LOW TEMPERATURE, 1.35 A",1.35,0.153,NA,32,12,106,106,107,1,98.02,0.419,0.416,0.169,0.179
6FF1,CsoZ metallochaperone,1.3,0.14359,0.14218,32,33,69,69,69,0,94.52,0.387,0.37,0.152,0.149
6FSG,Crystal structure of oxidised Flavodoxin 1 from Bacillus cereus (1.27 A resolution),1.27,0.1522,0.1512,43,22,147,147,148,1,96.44,0.415,0.427,0.156,0.166
6G28,Human [protein ADP-ribosylargenine] hydrolase ARH1 in complex with ADP-ribose,1.23,0.14566,0.14506,66,1,359,367,357,2,98.42,0.487,0.494,0.171,0.175
6G7D,Structure of MeT1 from Mycobacterium hassiacum in complex with SAM and glycerol.,1.35,0.1428,0.1414,39,21,220,231,218,2,96.3,0.432,0.433,0.155,0.158
6GEH,Structure and reactivity of a siderophore-interacting protein from the marine bacterium Shewanella reveals unanticipated functional versatility.,1.15,0.1463,0.1449,27,33,256,256,264,8,95.59,0.403,0.415,0.158,0.159
6HXP,Structure of citryl-CoA lyase from Hydrogenobacter thermophilus,1.45,0.146,0.145,57,5,256,268,259,3,95.49,0.397,0.386,0.174,0.178
6I18,CRYSTAL STRUCTURE OF FASCIN IN COMPLEX WITH BDP-13176,1.49,0.1735,0.1724,6,47,484,493,493,9,95.37,0.423,0.43,0.152,0.15
6JI6,Crystal structure of glutathione S-transferase complexed and modified with glutathione,1.5,0.19242,0.1908,53,9,215,226,218,3,98.28,0.433,0.426,0.154,0.16
6JPT,Crystal structure of human PAC3 homodimer (trigonal form),0.96,0.1362,0.1359,25,40,121,122,122,1,93.28,0.377,0.371,0.163,0.172
6JTB,Crystal structure of dipeptidyl peptidase 11 (DPP11) with citrate from Porphyromonas gingivalis (Space),1.5,0.17142,0.1702,50,15,699,720,720,21,97.02,0.46,0.464,0.154,0.156
6M9M,Streptococcus mutans AlkD2 bound to inosine-5'-monophosphate,1.401,0.1375,0.136,71,0,207,207,210,3,97.76,0.452,0.456,0.174,0.176
6N0K,The complex of CCG-257081 bound to pirin,1.46,0.1789,0.1774,8,49,288,301,290,2,97.03,0.438,0.449,0.16,0.163
6N4L,Dithionite-reduced ADP-bound form of the nitrogenase Fe-protein from A. vinelandii,1.13,0.1464,0.1459,42,16,283,289,290,7,91.9,0.44,0.435,0.165,0.169
6NZS,Dextranase AoDex KQ11,1.4,0.1683,0.1676,7,43,587,587,587,0,97.29,0.476,0.478,0.153,0.153
6PNV,1.42 Angstrom Resolution Crystal Structure of Translocation Protein TolB from Salmonella enterica,1.42,0.1635,0.1618,9,45,411,411,430,19,97.42,0.435,0.439,0.159,0.16
6PVJ,Crystal structure of PhqK in complex with malbrancheamide C,1.25,0.1545,0.1542,38,24,444,459,459,15,89.33,0.438,0.441,0.16,0.167
6SBC,Structure of type II terpene cyclase MstE from Scytonema in complex with farnesyl dihydroxybenzoate,1.35,0.1173,0.1154,53,7,352,367,366,14,98.13,0.466,0.467,0.176,0.179
6T0Y,Crystal structure of YlmD from Geobacillus stearothermophilus,1.2,0.1492,0.1483,27,26,270,275,274,4,97.59,0.466,0.469,0.165,0.167
6T2T,"Crystal structure of Drosophila melanogaster glutathione S-transferase epsilon 14 in complex with glutathione and 2-methyl-2,4-pentanediol",1.3,0.1571,0.1567,59,7,229,238,232,3,93.45,0.442,0.427,0.163,0.177
6TM3,Structure of methylene-tetrahydromethanopterin dehydrogenase from Methylorubrum extorquens AM1 in a close conformation containing NADP+ and methylene-H4MPT,1.08,0.1135,0.1128,43,20,289,303,288,1,97.72,0.453,0.454,0.157,0.158
6W54,Crystal Structure of Gallic Acid Decarboxylase from Arxula adeninivorans,1.5,0.1414,0.1402,35,35,221,231,231,10,95.23,0.443,0.434,0.165,0.164
6WFI,Methylmalonyl-CoA epimerase in complex with 2-nitronate-propionyl-CoA,1.37,0.1486,0.1474,25,40,144,146,146,2,96.28,0.408,0.4,0.158,0.167
6Y56,"MenT4, nucleotidyltransferase toxin Rv2826c from Mycobacterium tuberculosis H37Rv",1.23,0.1845,0.184,50,15,292,293,294,2,94.67,0.434,0.427,0.152,0.161
6ZC1,Crystal structure of RahU protein from Pseudomonas aeruginosa,1.27,0.1595,0.1591,3,55,137,141,136,1,94.81,0.428,0.417,0.166,0.171
7B3A,Crystal structure of PamZ,1.34,0.1479,0.1467,39,30,276,280,275,1,96.32,0.428,0.433,0.159,0.159
7D8F,The crystal structure of ScNTM1 in complex with SAH,1.15,0.123,0.1221,38,24,234,234,232,2,97.4,0.436,0.436,0.163,0.168
7D8G,The crystal structure of nucleotide phosphatase Sa1684 from Staphylococcus aureus,1.5,0.1664,0.1654,27,43,174,180,180,6,96.82,0.425,0.421,0.15,0.145
7ESR,Crystal structure of Synechocystis sp PCC6803 guanidinium hydrolase (R32),1.42,0.1322,0.1317,42,15,378,392,390,12,97.05,0.46,0.459,0.17,0.17
7EYJ,Crystal structure of Escherichia coli ppnP,1.38,0.1534,0.1522,0,63,95,95,94,1,97.61,0.38,0.377,0.153,0.156
7MPD,Structure of SsoPTP bound to 2-chloroethylsulfonate,1.05,0.1255,0.1252,54,12,160,161,161,1,97.84,0.455,0.449,0.158,0.162
7N7H,X-ray crystal structure of Viperin-like enzyme from Nematostella vectensis,1.42,0.1526,0.1516,36,18,289,293,292,3,96.62,0.451,0.452,0.161,0.162
7NB9,E. coli NfsA with nitrofurantoin,1.09,0.1054,0.1043,48,12,240,240,240,0,97.13,0.396,0.404,0.161,0.157
7O5I,Crystal structure of apo-SwHKA (Hydroxy ketone aldolase) from Sphingomonas wittichii RW1,1.35,0.1335,0.1322,49,16,253,253,251,2,96.66,0.446,0.448,0.159,0.163
7O89,sulerythrin without metals (apo-state),1.16,0.12459,0.12399,82,0,141,144,144,3,97.83,0.397,0.402,0.144,0.144
7QQI,Sucrose phosphorylase from Faecalibaculum rodentium,1.36,NA,0.1495,39,19,481,491,483,2,94.99,0.469,0.464,0.148,0.149
7SYB,Crystal Structure of sulfurtransferase (DsrC family protein) from Acinetobacter baumannii,1.45,0.1416,0.1387,56,2,103,111,103,0,85.08,0.411,0.382,0.167,0.176
7YHR,Anti-CRISPR protein AcrIC5,1.45,0.2115,0.2103,54,14,59,60,60,1,89.64,0.364,0.355,0.155,0.164
8E18,Crystal structure of apo TnmK1,1.14,0.1336,0.1326,47,16,465,484,484,19,94.77,0.457,0.452,0.16,0.166
8EVK,Crystal structure of Helicobacter pylori dihydroneopterin aldolase (DHNA),1.49,0.199,0.1974,30,36,115,120,117,2,94.74,0.374,0.374,0.16,0.159
8EY3,Contact-dependent growth inhibition (CDI) immunity protein from E. coli O32:H37,1,0.103,0.1027,25,12,60,65,61,1,94.53,0.392,0.388,0.154,0.166
8G0N,"FphI, Staphylococcus aureus fluorophosphonate-binding serine hydrolases I, apo form",1.14,0.1324,0.1318,51,15,242,247,244,2,96.07,0.45,0.457,0.155,0.164
8I12,InuAMN8,1.36,0.1248,0.1243,2,52,489,523,505,16,96.98,0.466,0.461,0.162,0.166
8II8,X-ray crystal structure of pink-colored protein from Pleurotus salmoneostramineus in complex with natural chromophore,1.25,NA,0.1311,77,2,225,226,226,1,50.6,0.428,0.371,0.151,0.152
8JOR,Structure of an acyltransferase involved in mannosylerythritol lipid formation from Pseudozyma tsukubaensis in type A crystal,1.45,0.172,0.1708,42,22,547,569,549,2,91.29,0.442,0.436,0.151,0.158
8K4I,Crystal structure of YajQ STM0435,1.48,0.1944,0.1935,40,29,163,163,163,0,97.02,0.392,0.398,0.153,0.161
8SL9,Crystal structure of Francisella tularensis HPPK-DHPS in complex with HPPK inhibitor HP-73,1.4,0.1642,0.1641,42,19,422,423,421,1,92.5,0.428,0.423,0.151,0.157
8T41,Crystal structure of aminopeptidase N from Mycobacterium tuberculosis,1.45,0.1439,0.14273,46,21,859,867,861,2,95.73,0.467,0.463,0.147,0.148
8TJG,Structure of Nei2 from Mycobacterium smegmatis in complex with Zn2+,1.45,0.1629,0.161,26,24,250,260,252,2,96.79,0.429,0.426,0.16,0.158
8VKT,Crystallographic structure of dimetalated DapE from Enterococcus faecium,1.398,0.1549,0.1538,34,29,383,402,379,4,96.78,0.453,0.454,0.162,0.165
8WCF,Crystal structure of EcThsB,1.3,0.1365,0.1357,43,19,160,160,155,5,92.04,0.408,0.403,0.152,0.161
9AU3,Crystal structure of GenB2 in complex with G418,1.35,0.1401,0.1395,46,15,414,414,414,0,93.79,0.448,0.439,0.156,0.161
9ETK,Crystal structure of Vibrio cholerae RNase AM,1.48,0.1518,0.1507,40,17,280,291,290,10,95.73,0.452,0.451,0.156,0.162
